{
  "lang":"en",
  "name":"pipeline",
  "version":"0.0.0",
  "spacy_version":">=3.8.4,<3.9.0",
  "description":"",
  "author":"",
  "email":"",
  "url":"",
  "license":"",
  "spacy_git_version":"85cc763",
  "vectors":{
    "width":0,
    "vectors":0,
    "keys":0,
    "name":null,
    "mode":"default"
  },
  "labels":{
    "tok2vec":[

    ],
    "ner":[
      "B-DES",
      "B-EMAIL",
      "B-NAME",
      "B-ORG",
      "B-PHOE",
      "B-PHONE",
      "B-WEB",
      "DES",
      "EMAIL",
      "I-DE",
      "I-DES",
      "I-EMAIL",
      "I-NAME",
      "I-OR",
      "I-ORG",
      "I-PHONE",
      "I-WEB",
      "NAME",
      "ORG",
      "PHONE",
      "WEB"
    ]
  },
  "pipeline":[
    "tok2vec",
    "ner"
  ],
  "components":[
    "tok2vec",
    "ner"
  ],
  "disabled":[

  ],
  "performance":{
    "ents_f":0.5570175439,
    "ents_p":0.6287128713,
    "ents_r":0.5,
    "ents_per_type":{
      "B-NAME":{
        "p":0.6111111111,
        "r":0.5238095238,
        "f":0.5641025641
      },
      "I-NAME":{
        "p":0.6842105263,
        "r":0.5,
        "f":0.5777777778
      },
      "B-DES":{
        "p":0.2222222222,
        "r":0.2,
        "f":0.2105263158
      },
      "I-DES":{
        "p":0.25,
        "r":0.2,
        "f":0.2222222222
      },
      "B-PHONE":{
        "p":0.5135135135,
        "r":0.5588235294,
        "f":0.5352112676
      },
      "I-PHONE":{
        "p":0.7222222222,
        "r":0.4814814815,
        "f":0.5777777778
      },
      "B-WEB":{
        "p":0.9230769231,
        "r":0.75,
        "f":0.8275862069
      },
      "B-EMAIL":{
        "p":0.8333333333,
        "r":0.7894736842,
        "f":0.8108108108
      },
      "I-ORG":{
        "p":0.6595744681,
        "r":0.5438596491,
        "f":0.5961538462
      },
      "B-ORG":{
        "p":0.5384615385,
        "r":0.2692307692,
        "f":0.358974359
      },
      "ORG":{
        "p":0.0,
        "r":0.0,
        "f":0.0
      },
      "I-EMAIL":{
        "p":1.0,
        "r":0.4,
        "f":0.5714285714
      },
      "I-WEB":{
        "p":0.0,
        "r":0.0,
        "f":0.0
      }
    },
    "tok2vec_loss":424.9071630837,
    "ner_loss":429.932191304
  }
}