{
  "lang":"en",
  "name":"pipeline",
  "version":"0.0.0",
  "spacy_version":">=3.8.4,<3.9.0",
  "description":"",
  "author":"",
  "email":"",
  "url":"",
  "license":"",
  "spacy_git_version":"85cc763",
  "vectors":{
    "width":0,
    "vectors":0,
    "keys":0,
    "name":null,
    "mode":"default"
  },
  "labels":{
    "tok2vec":[

    ],
    "ner":[
      "B-DES",
      "B-EMAIL",
      "B-NAME",
      "B-ORG",
      "B-PHOE",
      "B-PHONE",
      "B-WEB",
      "DES",
      "EMAIL",
      "I-DE",
      "I-DES",
      "I-EMAIL",
      "I-NAME",
      "I-OR",
      "I-ORG",
      "I-PHONE",
      "I-WEB",
      "NAME",
      "ORG",
      "PHONE",
      "WEB"
    ]
  },
  "pipeline":[
    "tok2vec",
    "ner"
  ],
  "components":[
    "tok2vec",
    "ner"
  ],
  "disabled":[

  ],
  "performance":{
    "ents_f":0.5882352941,
    "ents_p":0.6306306306,
    "ents_r":0.5511811024,
    "ents_per_type":{
      "I-NAME":{
        "p":0.7272727273,
        "r":0.6153846154,
        "f":0.6666666667
      },
      "B-DES":{
        "p":0.375,
        "r":0.3,
        "f":0.3333333333
      },
      "I-DES":{
        "p":0.25,
        "r":0.2,
        "f":0.2222222222
      },
      "B-PHONE":{
        "p":0.6129032258,
        "r":0.5588235294,
        "f":0.5846153846
      },
      "B-WEB":{
        "p":0.9285714286,
        "r":0.8125,
        "f":0.8666666667
      },
      "B-EMAIL":{
        "p":0.9444444444,
        "r":0.8947368421,
        "f":0.9189189189
      },
      "I-PHONE":{
        "p":0.6666666667,
        "r":0.3703703704,
        "f":0.4761904762
      },
      "B-NAME":{
        "p":0.5,
        "r":0.4761904762,
        "f":0.487804878
      },
      "I-ORG":{
        "p":0.6315789474,
        "r":0.6315789474,
        "f":0.6315789474
      },
      "B-ORG":{
        "p":0.44,
        "r":0.4230769231,
        "f":0.431372549
      },
      "ORG":{
        "p":0.0,
        "r":0.0,
        "f":0.0
      },
      "I-EMAIL":{
        "p":1.0,
        "r":0.6,
        "f":0.75
      },
      "I-WEB":{
        "p":0.0,
        "r":0.0,
        "f":0.0
      },
      "B-PHOE":{
        "p":0.0,
        "r":0.0,
        "f":0.0
      }
    },
    "tok2vec_loss":659.6057262383,
    "ner_loss":548.8812940307
  }
}